index,lang_id
1,sot
2,zul
3,tsn
4,xho
5,afr
6,tsn
7,nso
8,sot
9,nbl
10,nso
11,eng
12,afr
13,tso
14,afr
15,nbl
16,nbl
17,nso
18,xho
19,eng
20,tsn
21,nbl
22,ven
23,tsn
24,nbl
25,sot
26,eng
27,sot
28,tsn
29,tsn
30,xho
31,ven
32,xho
33,zul
34,ssw
35,ssw
36,tsn
37,nso
38,zul
39,tsn
40,ssw
41,nso
42,eng
43,tsn
44,ssw
45,afr
46,nso
47,afr
48,afr
49,nbl
50,nbl
51,sot
52,nso
53,tso
54,eng
55,nbl
56,nbl
57,eng
58,nbl
59,nbl
60,ven
61,eng
62,ven
63,nbl
64,afr
65,tso
66,tsn
67,afr
68,nso
69,nbl
70,nso
71,ssw
72,xho
73,tso
74,ssw
75,ssw
76,ven
77,eng
78,nbl
79,xho
80,nbl
81,sot
82,afr
83,tsn
84,tsn
85,xho
86,ssw
87,nbl
88,xho
89,sot
90,eng
91,afr
92,afr
93,nso
94,nbl
95,xho
96,nbl
97,eng
98,zul
99,afr
100,eng
101,sot
102,eng
103,sot
104,nbl
105,afr
106,afr
107,nbl
108,nbl
109,nso
110,eng
111,ssw
112,eng
113,ssw
114,sot
115,nbl
116,afr
117,tsn
118,afr
119,afr
120,xho
121,eng
122,eng
123,ssw
124,xho
125,sot
126,sot
127,ven
128,ssw
129,nso
130,sot
131,ssw
132,afr
133,nbl
134,sot
135,nbl
136,nso
137,nbl
138,xho
139,nbl
140,tsn
141,sot
142,tso
143,ssw
144,sot
145,nbl
146,nbl
147,afr
148,sot
149,afr
150,eng
151,tsn
152,zul
153,xho
154,tsn
155,tso
156,eng
157,nso
158,eng
159,nso
160,sot
161,zul
162,afr
163,ven
164,ven
165,zul
166,sot
167,zul
168,nbl
169,nso
170,sot
171,afr
172,xho
173,ssw
174,nbl
175,eng
176,tsn
177,nbl
178,xho
179,eng
180,eng
181,tsn
182,ssw
183,ssw
184,xho
185,sot
186,afr
187,eng
188,tsn
189,nbl
190,ssw
191,eng
192,xho
193,xho
194,afr
195,zul
196,eng
197,sot
198,ven
199,nbl
200,nbl
201,eng
202,afr
203,eng
204,tso
205,xho
206,tsn
207,afr
208,ven
209,afr
210,ssw
211,nso
212,xho
213,eng
214,zul
215,ven
216,nso
217,ssw
218,zul
219,eng
220,sot
221,tso
222,ssw
223,tsn
224,nso
225,tsn
226,afr
227,nbl
228,nso
229,ssw
230,nbl
231,xho
232,ven
233,ssw
234,nbl
235,ssw
236,nbl
237,zul
238,tso
239,sot
240,eng
241,eng
242,nso
243,eng
244,afr
245,ssw
246,tsn
247,ven
248,sot
249,nbl
250,tso
251,xho
252,sot
253,sot
254,tsn
255,xho
256,nbl
257,afr
258,sot
259,tsn
260,nbl
261,nbl
262,tsn
263,eng
264,nbl
265,nbl
266,afr
267,afr
268,nso
269,nbl
270,ssw
271,sot
272,nso
273,eng
274,eng
275,ssw
276,sot
277,eng
278,tsn
279,tsn
280,xho
281,nbl
282,tsn
283,xho
284,nbl
285,sot
286,xho
287,nbl
288,eng
289,eng
290,ssw
291,nso
292,tso
293,xho
294,tsn
295,eng
296,tso
297,tso
298,sot
299,nso
300,ven
301,afr
302,afr
303,zul
304,afr
305,afr
306,nbl
307,tsn
308,xho
309,sot
310,eng
311,afr
312,nso
313,nbl
314,nbl
315,nso
316,nso
317,zul
318,afr
319,xho
320,afr
321,afr
322,tsn
323,tsn
324,sot
325,sot
326,sot
327,xho
328,tso
329,ven
330,nbl
331,sot
332,xho
333,nbl
334,sot
335,ssw
336,ven
337,afr
338,sot
339,nbl
340,nbl
341,afr
342,ssw
343,nso
344,ssw
345,ssw
346,zul
347,ssw
348,tso
349,ssw
350,sot
351,nbl
352,sot
353,nbl
354,tsn
355,sot
356,zul
357,afr
358,ssw
359,xho
360,nbl
361,xho
362,ssw
363,tsn
364,afr
365,afr
366,nso
367,eng
368,tso
369,sot
370,tsn
371,nso
372,afr
373,afr
374,tsn
375,nso
376,sot
377,ven
378,tsn
379,eng
380,sot
381,nbl
382,sot
383,nbl
384,eng
385,tso
386,ssw
387,zul
388,nbl
389,xho
390,sot
391,tsn
392,tsn
393,eng
394,zul
395,eng
396,nso
397,nbl
398,nso
399,nso
400,ssw
401,sot
402,xho
403,afr
404,sot
405,afr
406,nbl
407,tso
408,afr
409,sot
410,tsn
411,eng
412,nbl
413,ssw
414,tsn
415,ssw
416,xho
417,ssw
418,xho
419,sot
420,nso
421,nbl
422,eng
423,afr
424,ssw
425,ssw
426,nbl
427,afr
428,nso
429,eng
430,afr
431,ssw
432,ven
433,sot
434,afr
435,afr
436,afr
437,ven
438,afr
439,sot
440,eng
441,ssw
442,ssw
443,nbl
444,afr
445,ssw
446,nbl
447,tso
448,nso
449,eng
450,ssw
451,sot
452,xho
453,ssw
454,eng
455,eng
456,ssw
457,afr
458,xho
459,nso
460,nso
461,nso
462,ssw
463,eng
464,tsn
465,nso
466,afr
467,nbl
468,xho
469,xho
470,xho
471,afr
472,ven
473,ssw
474,ssw
475,nbl
476,eng
477,nbl
478,afr
479,xho
480,tso
481,ssw
482,sot
483,eng
484,nbl
485,ven
486,xho
487,eng
488,eng
489,sot
490,nbl
491,sot
492,nso
493,afr
494,ssw
495,nso
496,tso
497,xho
498,ssw
499,zul
500,ven
501,nso
502,eng
503,ssw
504,ssw
505,sot
506,sot
507,eng
508,tsn
509,afr
510,nso
511,zul
512,nso
513,nbl
514,sot
515,nbl
516,afr
517,eng
518,afr
519,nso
520,tso
521,ven
522,nbl
523,afr
524,nso
525,tsn
526,eng
527,zul
528,zul
529,nbl
530,nbl
531,sot
532,tso
533,nso
534,ssw
535,tsn
536,nbl
537,nbl
538,xho
539,ssw
540,ssw
541,tso
542,ven
543,tso
544,afr
545,nbl
546,afr
547,zul
548,tsn
549,tsn
550,zul
551,ssw
552,nbl
553,afr
554,xho
555,tsn
556,eng
557,afr
558,ven
559,tso
560,nso
561,afr
562,ssw
563,nso
564,ssw
565,afr
566,tso
567,nso
568,afr
569,sot
570,afr
571,nbl
572,tso
573,sot
574,ssw
575,ssw
576,nbl
577,nbl
578,nbl
579,nso
580,ven
581,afr
582,tsn
583,xho
584,eng
585,sot
586,ssw
587,afr
588,nbl
589,nbl
590,nbl
591,nbl
592,ven
593,eng
594,ven
595,nso
596,nso
597,afr
598,sot
599,nso
600,eng
601,sot
602,afr
603,sot
604,ven
605,nbl
606,nso
607,afr
608,nbl
609,eng
610,ssw
611,eng
612,afr
613,ssw
614,xho
615,tsn
616,nbl
617,tso
618,sot
619,nbl
620,nbl
621,ven
622,nso
623,zul
624,xho
625,afr
626,nbl
627,zul
628,tso
629,nbl
630,nso
631,nso
632,xho
633,xho
634,nso
635,tsn
636,tsn
637,xho
638,xho
639,afr
640,sot
641,ven
642,nso
643,sot
644,afr
645,sot
646,eng
647,nbl
648,nbl
649,afr
650,xho
651,ssw
652,afr
653,ssw
654,sot
655,ven
656,tsn
657,ssw
658,ven
659,tsn
660,ssw
661,eng
662,eng
663,sot
664,ssw
665,sot
666,zul
667,sot
668,xho
669,tsn
670,ssw
671,nso
672,nbl
673,tso
674,eng
675,zul
676,afr
677,xho
678,nbl
679,eng
680,ssw
681,nbl
682,ssw
683,nso
684,nbl
685,sot
686,xho
687,ssw
688,eng
689,afr
690,ssw
691,afr
692,zul
693,eng
694,sot
695,ssw
696,zul
697,xho
698,eng
699,eng
700,ssw
701,sot
702,afr
703,tso
704,xho
705,nbl
706,tso
707,nbl
708,afr
709,ssw
710,nso
711,tsn
712,sot
713,eng
714,xho
715,ven
716,xho
717,ven
718,nso
719,nso
720,ssw
721,tsn
722,eng
723,zul
724,sot
725,ven
726,eng
727,ven
728,xho
729,nso
730,eng
731,nbl
732,tsn
733,eng
734,afr
735,nso
736,tsn
737,nbl
738,nso
739,tso
740,afr
741,afr
742,ssw
743,afr
744,tsn
745,tsn
746,ssw
747,ven
748,afr
749,afr
750,nbl
751,nbl
752,afr
753,nbl
754,eng
755,afr
756,ssw
757,ssw
758,ven
759,ssw
760,afr
761,nso
762,eng
763,eng
764,xho
765,xho
766,sot
767,eng
768,xho
769,sot
770,nso
771,eng
772,ven
773,ven
774,tsn
775,eng
776,sot
777,zul
778,nbl
779,nso
780,sot
781,ven
782,xho
783,ven
784,sot
785,xho
786,afr
787,zul
788,sot
789,xho
790,nbl
791,nbl
792,afr
793,afr
794,ven
795,eng
796,ven
797,ssw
798,xho
799,sot
800,nbl
801,tso
802,nbl
803,nbl
804,ssw
805,xho
806,nso
807,tso
808,nbl
809,sot
810,ssw
811,nso
812,nso
813,nbl
814,ven
815,zul
816,ssw
817,ven
818,xho
819,eng
820,ven
821,tsn
822,eng
823,sot
824,nso
825,ven
826,xho
827,nso
828,ssw
829,eng
830,nbl
831,tso
832,eng
833,nso
834,nso
835,ssw
836,xho
837,tsn
838,afr
839,nso
840,eng
841,sot
842,ssw
843,afr
844,tsn
845,afr
846,sot
847,nbl
848,nbl
849,sot
850,tsn
851,nso
852,zul
853,sot
854,ssw
855,nso
856,nso
857,nso
858,ssw
859,ssw
860,tsn
861,nbl
862,eng
863,zul
864,tso
865,nbl
866,nbl
867,afr
868,tso
869,ssw
870,ven
871,sot
872,tsn
873,afr
874,nso
875,eng
876,xho
877,xho
878,nbl
879,afr
880,ssw
881,tso
882,nso
883,tso
884,nbl
885,ssw
886,zul
887,nso
888,nbl
889,nbl
890,eng
891,eng
892,sot
893,afr
894,sot
895,eng
896,ssw
897,tso
898,nbl
899,sot
900,nso
901,sot
902,ssw
903,ssw
904,nbl
905,tsn
906,nso
907,xho
908,afr
909,eng
910,sot
911,xho
912,eng
913,ven
914,afr
915,ssw
916,afr
917,ven
918,nbl
919,tsn
920,nbl
921,tso
922,tso
923,ssw
924,tsn
925,xho
926,sot
927,xho
928,nbl
929,ssw
930,sot
931,zul
932,tso
933,ven
934,sot
935,eng
936,ssw
937,ssw
938,afr
939,eng
940,afr
941,ven
942,ven
943,ven
944,nso
945,ssw
946,afr
947,ven
948,nso
949,tsn
950,sot
951,nbl
952,nbl
953,ssw
954,zul
955,afr
956,sot
957,nso
958,xho
959,sot
960,ssw
961,ssw
962,nbl
963,nso
964,xho
965,tsn
966,sot
967,sot
968,nbl
969,nso
970,xho
971,nso
972,tso
973,ssw
974,nbl
975,sot
976,nbl
977,ssw
978,tso
979,sot
980,ssw
981,tsn
982,ssw
983,sot
984,nbl
985,afr
986,ssw
987,ven
988,ssw
989,tsn
990,tsn
991,afr
992,tso
993,eng
994,tso
995,ssw
996,ven
997,ssw
998,tsn
999,ven
1000,nso
1001,eng
1002,nso
1003,afr
1004,ssw
1005,nbl
1006,eng
1007,sot
1008,nbl
1009,eng
1010,ssw
1011,tsn
1012,afr
1013,afr
1014,eng
1015,eng
1016,ven
1017,eng
1018,tsn
1019,nbl
1020,tso
1021,sot
1022,nbl
1023,afr
1024,xho
1025,ssw
1026,tsn
1027,ssw
1028,tso
1029,ssw
1030,afr
1031,xho
1032,tsn
1033,nbl
1034,xho
1035,afr
1036,nso
1037,sot
1038,nso
1039,nbl
1040,eng
1041,afr
1042,eng
1043,ssw
1044,sot
1045,ven
1046,eng
1047,nbl
1048,sot
1049,zul
1050,sot
1051,ssw
1052,eng
1053,nso
1054,eng
1055,ssw
1056,ven
1057,tsn
1058,zul
1059,eng
1060,xho
1061,xho
1062,xho
1063,nbl
1064,eng
1065,eng
1066,nso
1067,tso
1068,ssw
1069,zul
1070,nso
1071,eng
1072,sot
1073,sot
1074,eng
1075,tso
1076,xho
1077,nbl
1078,ven
1079,xho
1080,sot
1081,ssw
1082,tso
1083,nso
1084,eng
1085,afr
1086,ssw
1087,tsn
1088,nso
1089,ven
1090,sot
1091,ssw
1092,eng
1093,tso
1094,xho
1095,tso
1096,eng
1097,sot
1098,ssw
1099,eng
1100,sot
1101,ssw
1102,zul
1103,xho
1104,eng
1105,sot
1106,afr
1107,ssw
1108,nbl
1109,nso
1110,sot
1111,nso
1112,xho
1113,tso
1114,tso
1115,nbl
1116,tsn
1117,nso
1118,nbl
1119,nbl
1120,ssw
1121,ven
1122,tsn
1123,sot
1124,ven
1125,tso
1126,eng
1127,nbl
1128,nbl
1129,afr
1130,tso
1131,ssw
1132,nbl
1133,eng
1134,tso
1135,tso
1136,nbl
1137,afr
1138,nbl
1139,ven
1140,ssw
1141,ssw
1142,tsn
1143,xho
1144,afr
1145,nbl
1146,tso
1147,ven
1148,sot
1149,tsn
1150,tsn
1151,afr
1152,nbl
1153,sot
1154,tso
1155,afr
1156,ssw
1157,ven
1158,tsn
1159,tsn
1160,nso
1161,ven
1162,eng
1163,ven
1164,ven
1165,eng
1166,afr
1167,ssw
1168,eng
1169,ssw
1170,ven
1171,nso
1172,eng
1173,zul
1174,eng
1175,tsn
1176,nbl
1177,ssw
1178,tso
1179,tso
1180,afr
1181,tso
1182,nbl
1183,eng
1184,sot
1185,sot
1186,eng
1187,sot
1188,nbl
1189,sot
1190,tsn
1191,sot
1192,sot
1193,afr
1194,ssw
1195,nso
1196,afr
1197,tso
1198,ssw
1199,nbl
1200,ssw
1201,ssw
1202,ssw
1203,sot
1204,xho
1205,tsn
1206,tsn
1207,ven
1208,tsn
1209,eng
1210,ssw
1211,ven
1212,tso
1213,ssw
1214,tso
1215,eng
1216,afr
1217,sot
1218,nso
1219,ssw
1220,tsn
1221,tso
1222,ven
1223,tsn
1224,tso
1225,ssw
1226,ssw
1227,nbl
1228,xho
1229,sot
1230,ssw
1231,ssw
1232,afr
1233,nbl
1234,tso
1235,sot
1236,afr
1237,ven
1238,eng
1239,eng
1240,ven
1241,eng
1242,afr
1243,nbl
1244,afr
1245,eng
1246,sot
1247,tsn
1248,xho
1249,eng
1250,nso
1251,ssw
1252,nbl
1253,sot
1254,sot
1255,nso
1256,afr
1257,sot
1258,zul
1259,ssw
1260,ssw
1261,tso
1262,sot
1263,ssw
1264,tso
1265,nso
1266,eng
1267,eng
1268,afr
1269,ssw
1270,nso
1271,afr
1272,ssw
1273,afr
1274,nso
1275,zul
1276,xho
1277,ssw
1278,tso
1279,tsn
1280,eng
1281,nso
1282,eng
1283,nso
1284,tsn
1285,ssw
1286,tso
1287,xho
1288,afr
1289,eng
1290,eng
1291,nso
1292,ven
1293,nbl
1294,ven
1295,sot
1296,ssw
1297,xho
1298,sot
1299,eng
1300,nso
1301,nbl
1302,xho
1303,eng
1304,zul
1305,ssw
1306,nbl
1307,nso
1308,ssw
1309,tsn
1310,sot
1311,ssw
1312,nso
1313,sot
1314,xho
1315,ssw
1316,ssw
1317,xho
1318,sot
1319,sot
1320,ven
1321,tsn
1322,sot
1323,eng
1324,sot
1325,eng
1326,xho
1327,ssw
1328,xho
1329,ssw
1330,afr
1331,ven
1332,tsn
1333,ssw
1334,nso
1335,nso
1336,nbl
1337,tso
1338,sot
1339,ven
1340,ssw
1341,tsn
1342,ven
1343,ssw
1344,eng
1345,eng
1346,tsn
1347,eng
1348,nbl
1349,tso
1350,eng
1351,ssw
1352,ssw
1353,ssw
1354,nso
1355,ven
1356,tso
1357,nbl
1358,eng
1359,eng
1360,ssw
1361,afr
1362,afr
1363,tso
1364,tsn
1365,ssw
1366,afr
1367,tsn
1368,nso
1369,tso
1370,sot
1371,ven
1372,nso
1373,zul
1374,nbl
1375,afr
1376,nbl
1377,ssw
1378,eng
1379,tsn
1380,ssw
1381,sot
1382,afr
1383,ven
1384,eng
1385,xho
1386,ssw
1387,nbl
1388,eng
1389,eng
1390,ssw
1391,nbl
1392,sot
1393,ven
1394,eng
1395,nso
1396,afr
1397,ssw
1398,tso
1399,nbl
1400,nso
1401,nbl
1402,nso
1403,xho
1404,ven
1405,nbl
1406,nso
1407,ssw
1408,ssw
1409,tsn
1410,nso
1411,ssw
1412,afr
1413,nbl
1414,nso
1415,nbl
1416,xho
1417,nso
1418,afr
1419,nso
1420,sot
1421,tso
1422,nbl
1423,ven
1424,sot
1425,sot
1426,eng
1427,tso
1428,nso
1429,ven
1430,zul
1431,tsn
1432,sot
1433,ssw
1434,sot
1435,afr
1436,xho
1437,nbl
1438,tsn
1439,tsn
1440,tso
1441,nbl
1442,nbl
1443,ssw
1444,ssw
1445,zul
1446,ssw
1447,nso
1448,ssw
1449,nbl
1450,eng
1451,sot
1452,afr
1453,tsn
1454,ven
1455,nbl
1456,tso
1457,zul
1458,eng
1459,eng
1460,ven
1461,xho
1462,nbl
1463,nbl
1464,nbl
1465,tsn
1466,tsn
1467,nso
1468,nbl
1469,tso
1470,eng
1471,tsn
1472,sot
1473,nbl
1474,eng
1475,nbl
1476,eng
1477,ssw
1478,nso
1479,eng
1480,nso
1481,afr
1482,eng
1483,tso
1484,afr
1485,sot
1486,tsn
1487,ssw
1488,nso
1489,ven
1490,eng
1491,tsn
1492,nbl
1493,sot
1494,sot
1495,nbl
1496,ssw
1497,ssw
1498,nbl
1499,afr
1500,sot
1501,nso
1502,nbl
1503,nbl
1504,eng
1505,eng
1506,ssw
1507,eng
1508,ven
1509,tsn
1510,tso
1511,tso
1512,nbl
1513,eng
1514,tso
1515,nso
1516,eng
1517,tso
1518,nso
1519,afr
1520,tsn
1521,eng
1522,afr
1523,ssw
1524,afr
1525,ven
1526,nso
1527,nbl
1528,eng
1529,ssw
1530,tsn
1531,ssw
1532,eng
1533,zul
1534,tso
1535,tsn
1536,ssw
1537,ssw
1538,nbl
1539,sot
1540,tsn
1541,afr
1542,zul
1543,nso
1544,nbl
1545,nbl
1546,afr
1547,nso
1548,tso
1549,afr
1550,eng
1551,tsn
1552,ssw
1553,tsn
1554,sot
1555,nbl
1556,xho
1557,ven
1558,nbl
1559,afr
1560,sot
1561,xho
1562,xho
1563,tso
1564,nbl
1565,tsn
1566,nbl
1567,tso
1568,tsn
1569,tsn
1570,tso
1571,ssw
1572,ssw
1573,tsn
1574,nbl
1575,nso
1576,afr
1577,xho
1578,eng
1579,xho
1580,ssw
1581,zul
1582,tsn
1583,eng
1584,sot
1585,nbl
1586,tso
1587,afr
1588,eng
1589,ssw
1590,sot
1591,eng
1592,nbl
1593,sot
1594,ven
1595,tsn
1596,tsn
1597,nso
1598,tso
1599,afr
1600,nbl
1601,zul
1602,eng
1603,xho
1604,xho
1605,afr
1606,xho
1607,ssw
1608,nso
1609,nso
1610,ssw
1611,afr
1612,zul
1613,eng
1614,ssw
1615,xho
1616,ssw
1617,tsn
1618,nso
1619,zul
1620,xho
1621,tsn
1622,nbl
1623,sot
1624,ven
1625,nbl
1626,nso
1627,sot
1628,ssw
1629,tso
1630,zul
1631,eng
1632,nbl
1633,xho
1634,eng
1635,afr
1636,nbl
1637,ven
1638,nbl
1639,sot
1640,nso
1641,ssw
1642,nso
1643,sot
1644,ssw
1645,sot
1646,ssw
1647,nbl
1648,ssw
1649,ssw
1650,nbl
1651,tso
1652,afr
1653,tso
1654,nbl
1655,ven
1656,ven
1657,ven
1658,afr
1659,nso
1660,eng
1661,tso
1662,sot
1663,xho
1664,sot
1665,nbl
1666,ssw
1667,afr
1668,ssw
1669,ssw
1670,sot
1671,tsn
1672,sot
1673,ven
1674,nso
1675,nbl
1676,afr
1677,tsn
1678,eng
1679,eng
1680,afr
1681,nbl
1682,ssw
1683,nbl
1684,sot
1685,tsn
1686,sot
1687,sot
1688,nso
1689,tso
1690,xho
1691,afr
1692,ven
1693,zul
1694,tsn
1695,xho
1696,ven
1697,ven
1698,ssw
1699,afr
1700,eng
1701,nbl
1702,ssw
1703,ssw
1704,tso
1705,sot
1706,ven
1707,xho
1708,ven
1709,ssw
1710,tsn
1711,tso
1712,tso
1713,ssw
1714,xho
1715,nbl
1716,nso
1717,nbl
1718,xho
1719,nbl
1720,tsn
1721,xho
1722,afr
1723,ssw
1724,ven
1725,tsn
1726,nbl
1727,ven
1728,nbl
1729,ven
1730,ssw
1731,eng
1732,sot
1733,sot
1734,eng
1735,eng
1736,tsn
1737,nso
1738,xho
1739,ven
1740,ven
1741,nbl
1742,ven
1743,tso
1744,sot
1745,sot
1746,tsn
1747,eng
1748,zul
1749,sot
1750,eng
1751,nbl
1752,nbl
1753,ven
1754,ven
1755,ssw
1756,ven
1757,ven
1758,tso
1759,afr
1760,eng
1761,nbl
1762,nso
1763,zul
1764,sot
1765,nbl
1766,eng
1767,eng
1768,zul
1769,afr
1770,ssw
1771,tsn
1772,ssw
1773,ven
1774,eng
1775,xho
1776,eng
1777,ven
1778,nbl
1779,sot
1780,ssw
1781,eng
1782,xho
1783,sot
1784,ssw
1785,ven
1786,tsn
1787,sot
1788,tso
1789,eng
1790,ssw
1791,ssw
1792,sot
1793,ssw
1794,nso
1795,ssw
1796,eng
1797,afr
1798,eng
1799,ssw
1800,sot
1801,ssw
1802,tso
1803,ven
1804,tsn
1805,nso
1806,eng
1807,sot
1808,tso
1809,xho
1810,tso
1811,nso
1812,eng
1813,nbl
1814,ven
1815,nso
1816,ven
1817,tso
1818,eng
1819,eng
1820,nso
1821,tso
1822,xho
1823,tsn
1824,eng
1825,nbl
1826,tsn
1827,ven
1828,ssw
1829,ssw
1830,nbl
1831,xho
1832,tso
1833,sot
1834,zul
1835,ssw
1836,sot
1837,xho
1838,sot
1839,ssw
1840,tsn
1841,ssw
1842,ssw
1843,xho
1844,eng
1845,nbl
1846,ven
1847,nso
1848,tso
1849,ven
1850,nso
1851,nso
1852,tso
1853,ven
1854,ven
1855,nbl
1856,sot
1857,nbl
1858,xho
1859,zul
1860,nso
1861,afr
1862,nbl
1863,nbl
1864,tso
1865,tso
1866,ven
1867,nbl
1868,afr
1869,xho
1870,sot
1871,xho
1872,ssw
1873,afr
1874,nso
1875,xho
1876,eng
1877,ven
1878,eng
1879,zul
1880,sot
1881,sot
1882,sot
1883,nbl
1884,tso
1885,nso
1886,sot
1887,sot
1888,zul
1889,nbl
1890,ven
1891,eng
1892,eng
1893,tso
1894,nso
1895,nbl
1896,tsn
1897,nso
1898,sot
1899,sot
1900,sot
1901,eng
1902,ven
1903,ven
1904,tso
1905,tso
1906,nso
1907,sot
1908,nso
1909,afr
1910,afr
1911,tsn
1912,ven
1913,nso
1914,tsn
1915,nbl
1916,sot
1917,eng
1918,nbl
1919,ven
1920,afr
1921,afr
1922,nso
1923,nbl
1924,nbl
1925,zul
1926,afr
1927,ven
1928,nso
1929,nso
1930,ssw
1931,tso
1932,tsn
1933,nbl
1934,ssw
1935,xho
1936,tsn
1937,nbl
1938,xho
1939,afr
1940,nso
1941,tsn
1942,ssw
1943,xho
1944,nso
1945,ven
1946,eng
1947,ssw
1948,zul
1949,xho
1950,tso
1951,afr
1952,ssw
1953,nso
1954,eng
1955,ssw
1956,afr
1957,nso
1958,nso
1959,nso
1960,eng
1961,ssw
1962,tsn
1963,tso
1964,ssw
1965,ssw
1966,sot
1967,ssw
1968,eng
1969,sot
1970,afr
1971,eng
1972,sot
1973,eng
1974,tso
1975,sot
1976,nso
1977,afr
1978,tsn
1979,nso
1980,afr
1981,tsn
1982,afr
1983,nso
1984,tso
1985,afr
1986,xho
1987,xho
1988,ssw
1989,sot
1990,nbl
1991,ssw
1992,tso
1993,afr
1994,eng
1995,nbl
1996,ven
1997,sot
1998,nbl
1999,nbl
2000,eng
2001,eng
2002,sot
2003,afr
2004,xho
2005,sot
2006,ven
2007,afr
2008,nbl
2009,xho
2010,eng
2011,eng
2012,eng
2013,tso
2014,nso
2015,eng
2016,sot
2017,xho
2018,tsn
2019,afr
2020,nbl
2021,nso
2022,xho
2023,xho
2024,xho
2025,nbl
2026,zul
2027,xho
2028,nso
2029,afr
2030,afr
2031,eng
2032,sot
2033,tsn
2034,nbl
2035,tsn
2036,afr
2037,ssw
2038,ven
2039,ssw
2040,ssw
2041,afr
2042,nso
2043,eng
2044,eng
2045,nso
2046,afr
2047,sot
2048,ven
2049,nso
2050,nbl
2051,zul
2052,afr
2053,afr
2054,tso
2055,sot
2056,tso
2057,sot
2058,ssw
2059,sot
2060,tsn
2061,tso
2062,tso
2063,nbl
2064,ssw
2065,ven
2066,sot
2067,zul
2068,xho
2069,eng
2070,afr
2071,ven
2072,tso
2073,nbl
2074,ssw
2075,ven
2076,nbl
2077,eng
2078,tso
2079,afr
2080,ven
2081,xho
2082,eng
2083,nso
2084,sot
2085,xho
2086,xho
2087,tso
2088,afr
2089,tsn
2090,xho
2091,ssw
2092,xho
2093,nso
2094,eng
2095,nso
2096,sot
2097,nbl
2098,sot
2099,nbl
2100,xho
2101,ssw
2102,nbl
2103,ssw
2104,tso
2105,tso
2106,tso
2107,eng
2108,tsn
2109,tso
2110,ssw
2111,nso
2112,tsn
2113,xho
2114,tsn
2115,nso
2116,afr
2117,tsn
2118,nso
2119,afr
2120,sot
2121,ven
2122,ven
2123,sot
2124,nbl
2125,ssw
2126,nso
2127,sot
2128,nso
2129,nbl
2130,afr
2131,ssw
2132,tsn
2133,ven
2134,eng
2135,sot
2136,tso
2137,tsn
2138,sot
2139,ssw
2140,afr
2141,tso
2142,eng
2143,nbl
2144,ven
2145,nso
2146,eng
2147,nso
2148,nso
2149,afr
2150,nbl
2151,xho
2152,tso
2153,sot
2154,ssw
2155,nbl
2156,eng
2157,ssw
2158,afr
2159,ssw
2160,eng
2161,afr
2162,nbl
2163,ssw
2164,xho
2165,nso
2166,afr
2167,zul
2168,nbl
2169,xho
2170,nbl
2171,ssw
2172,xho
2173,tso
2174,tsn
2175,tso
2176,zul
2177,sot
2178,tso
2179,nso
2180,sot
2181,afr
2182,ssw
2183,xho
2184,zul
2185,ssw
2186,sot
2187,tsn
2188,tso
2189,zul
2190,ssw
2191,eng
2192,afr
2193,sot
2194,nbl
2195,ssw
2196,tso
2197,ssw
2198,ssw
2199,afr
2200,xho
2201,ssw
2202,ven
2203,nso
2204,nbl
2205,eng
2206,tsn
2207,nso
2208,ssw
2209,ven
2210,nbl
2211,nso
2212,tsn
2213,afr
2214,eng
2215,eng
2216,afr
2217,tso
2218,afr
2219,sot
2220,ssw
2221,sot
2222,ssw
2223,nso
2224,zul
2225,nso
2226,zul
2227,tsn
2228,eng
2229,ssw
2230,tsn
2231,eng
2232,nbl
2233,nbl
2234,nso
2235,eng
2236,afr
2237,afr
2238,ven
2239,sot
2240,ssw
2241,tso
2242,ven
2243,xho
2244,eng
2245,nbl
2246,tso
2247,ssw
2248,ven
2249,xho
2250,ssw
2251,sot
2252,afr
2253,sot
2254,nso
2255,afr
2256,afr
2257,nbl
2258,sot
2259,nbl
2260,nbl
2261,ven
2262,ven
2263,sot
2264,tsn
2265,tsn
2266,tso
2267,sot
2268,tsn
2269,eng
2270,nbl
2271,xho
2272,tsn
2273,nso
2274,nbl
2275,ssw
2276,eng
2277,xho
2278,afr
2279,ssw
2280,nso
2281,ven
2282,nbl
2283,eng
2284,zul
2285,tso
2286,ssw
2287,nbl
2288,eng
2289,ssw
2290,tsn
2291,tso
2292,eng
2293,ssw
2294,ssw
2295,afr
2296,nbl
2297,tsn
2298,afr
2299,nso
2300,nso
2301,zul
2302,eng
2303,ssw
2304,xho
2305,afr
2306,sot
2307,tso
2308,eng
2309,tsn
2310,nbl
2311,sot
2312,afr
2313,nbl
2314,tsn
2315,ssw
2316,xho
2317,ssw
2318,eng
2319,sot
2320,zul
2321,ssw
2322,zul
2323,xho
2324,afr
2325,nbl
2326,afr
2327,nso
2328,nbl
2329,ven
2330,xho
2331,nso
2332,tso
2333,sot
2334,nso
2335,xho
2336,tso
2337,sot
2338,ssw
2339,eng
2340,tso
2341,nbl
2342,sot
2343,nso
2344,ssw
2345,tso
2346,tsn
2347,ssw
2348,ssw
2349,nbl
2350,nso
2351,nbl
2352,tsn
2353,tsn
2354,zul
2355,xho
2356,nso
2357,xho
2358,ven
2359,nso
2360,nbl
2361,nbl
2362,zul
2363,nso
2364,ssw
2365,sot
2366,afr
2367,sot
2368,xho
2369,nso
2370,nbl
2371,eng
2372,afr
2373,eng
2374,zul
2375,ssw
2376,ssw
2377,nbl
2378,afr
2379,afr
2380,nbl
2381,afr
2382,nbl
2383,nbl
2384,sot
2385,nso
2386,ssw
2387,nso
2388,eng
2389,tsn
2390,nso
2391,nso
2392,ssw
2393,ssw
2394,xho
2395,ssw
2396,sot
2397,ven
2398,tsn
2399,eng
2400,sot
2401,xho
2402,sot
2403,afr
2404,tsn
2405,afr
2406,sot
2407,nso
2408,tsn
2409,eng
2410,nbl
2411,xho
2412,ven
2413,ssw
2414,eng
2415,nso
2416,tso
2417,nso
2418,xho
2419,ssw
2420,eng
2421,afr
2422,nbl
2423,sot
2424,nso
2425,zul
2426,nbl
2427,eng
2428,afr
2429,afr
2430,tsn
2431,zul
2432,eng
2433,afr
2434,xho
2435,tsn
2436,ssw
2437,xho
2438,nbl
2439,xho
2440,nso
2441,eng
2442,xho
2443,zul
2444,nso
2445,nbl
2446,eng
2447,zul
2448,afr
2449,xho
2450,nso
2451,sot
2452,afr
2453,nbl
2454,eng
2455,sot
2456,sot
2457,ssw
2458,eng
2459,sot
2460,tso
2461,tso
2462,sot
2463,nso
2464,zul
2465,zul
2466,ven
2467,eng
2468,nbl
2469,tsn
2470,sot
2471,tsn
2472,ssw
2473,sot
2474,nso
2475,zul
2476,xho
2477,eng
2478,tso
2479,ven
2480,tso
2481,tso
2482,zul
2483,tsn
2484,sot
2485,zul
2486,tso
2487,ssw
2488,nso
2489,nbl
2490,ven
2491,tso
2492,nbl
2493,xho
2494,afr
2495,afr
2496,nbl
2497,nbl
2498,tso
2499,tso
2500,nso
2501,nbl
2502,nso
2503,tso
2504,afr
2505,ssw
2506,xho
2507,sot
2508,tsn
2509,nso
2510,afr
2511,eng
2512,tso
2513,sot
2514,ssw
2515,nso
2516,afr
2517,nbl
2518,ssw
2519,ssw
2520,ven
2521,nbl
2522,nso
2523,nbl
2524,tsn
2525,ven
2526,sot
2527,eng
2528,tso
2529,ven
2530,nbl
2531,afr
2532,ssw
2533,nso
2534,xho
2535,xho
2536,nso
2537,ssw
2538,tsn
2539,afr
2540,zul
2541,sot
2542,tso
2543,nso
2544,afr
2545,xho
2546,xho
2547,nbl
2548,ven
2549,tsn
2550,ssw
2551,ssw
2552,xho
2553,sot
2554,nbl
2555,nso
2556,nso
2557,nbl
2558,ssw
2559,eng
2560,nso
2561,ssw
2562,eng
2563,sot
2564,nso
2565,ssw
2566,ssw
2567,eng
2568,eng
2569,afr
2570,ssw
2571,sot
2572,ven
2573,nso
2574,tso
2575,nbl
2576,eng
2577,eng
2578,eng
2579,ssw
2580,eng
2581,nso
2582,xho
2583,tsn
2584,ven
2585,ssw
2586,eng
2587,xho
2588,nso
2589,nso
2590,nbl
2591,zul
2592,xho
2593,tso
2594,nbl
2595,afr
2596,zul
2597,tso
2598,nso
2599,sot
2600,eng
2601,nso
2602,zul
2603,tsn
2604,tsn
2605,tsn
2606,ssw
2607,eng
2608,xho
2609,tso
2610,nbl
2611,sot
2612,xho
2613,tsn
2614,sot
2615,nso
2616,zul
2617,ven
2618,afr
2619,nbl
2620,nbl
2621,eng
2622,nbl
2623,nbl
2624,nso
2625,nso
2626,tsn
2627,ven
2628,nso
2629,afr
2630,tso
2631,sot
2632,ssw
2633,xho
2634,tsn
2635,ssw
2636,zul
2637,afr
2638,nbl
2639,ven
2640,nso
2641,tsn
2642,afr
2643,sot
2644,afr
2645,sot
2646,sot
2647,sot
2648,tsn
2649,ssw
2650,ven
2651,zul
2652,zul
2653,nso
2654,nbl
2655,nso
2656,ssw
2657,ssw
2658,tso
2659,afr
2660,nbl
2661,xho
2662,tso
2663,afr
2664,eng
2665,nso
2666,sot
2667,eng
2668,tsn
2669,sot
2670,ssw
2671,xho
2672,sot
2673,eng
2674,nso
2675,sot
2676,nso
2677,ven
2678,tsn
2679,eng
2680,ven
2681,tsn
2682,tso
2683,afr
2684,tsn
2685,eng
2686,nbl
2687,afr
2688,nbl
2689,nso
2690,ssw
2691,tso
2692,eng
2693,xho
2694,nso
2695,zul
2696,eng
2697,ssw
2698,nso
2699,eng
2700,eng
2701,ssw
2702,afr
2703,nbl
2704,nso
2705,nbl
2706,sot
2707,eng
2708,sot
2709,ssw
2710,nbl
2711,eng
2712,zul
2713,nbl
2714,nbl
2715,xho
2716,ssw
2717,eng
2718,ssw
2719,ssw
2720,ssw
2721,xho
2722,nso
2723,afr
2724,nso
2725,xho
2726,tsn
2727,nso
2728,ssw
2729,zul
2730,xho
2731,sot
2732,nbl
2733,zul
2734,sot
2735,nbl
2736,tso
2737,nso
2738,tso
2739,sot
2740,nbl
2741,ssw
2742,nbl
2743,nso
2744,tso
2745,afr
2746,afr
2747,tsn
2748,afr
2749,eng
2750,sot
2751,nbl
2752,nbl
2753,nbl
2754,ven
2755,afr
2756,xho
2757,ven
2758,ven
2759,nso
2760,sot
2761,afr
2762,tso
2763,nso
2764,tsn
2765,tsn
2766,nso
2767,nso
2768,ven
2769,sot
2770,tsn
2771,eng
2772,tsn
2773,eng
2774,nbl
2775,afr
2776,afr
2777,nso
2778,afr
2779,tsn
2780,afr
2781,tso
2782,nso
2783,afr
2784,zul
2785,afr
2786,tso
2787,eng
2788,eng
2789,ssw
2790,tsn
2791,sot
2792,nso
2793,ven
2794,eng
2795,xho
2796,eng
2797,sot
2798,nso
2799,ven
2800,eng
2801,afr
2802,tso
2803,tsn
2804,zul
2805,eng
2806,afr
2807,eng
2808,ssw
2809,nso
2810,sot
2811,tsn
2812,ssw
2813,afr
2814,sot
2815,ven
2816,tsn
2817,ssw
2818,ssw
2819,tsn
2820,xho
2821,afr
2822,sot
2823,eng
2824,nso
2825,tso
2826,ven
2827,nso
2828,tso
2829,tsn
2830,nbl
2831,ssw
2832,ssw
2833,nbl
2834,afr
2835,xho
2836,tsn
2837,sot
2838,xho
2839,nso
2840,xho
2841,tsn
2842,sot
2843,eng
2844,afr
2845,eng
2846,tsn
2847,sot
2848,ven
2849,eng
2850,zul
2851,afr
2852,ven
2853,ssw
2854,afr
2855,sot
2856,nso
2857,sot
2858,nso
2859,xho
2860,nbl
2861,xho
2862,ssw
2863,nbl
2864,nbl
2865,nbl
2866,eng
2867,afr
2868,ven
2869,xho
2870,xho
2871,afr
2872,ssw
2873,eng
2874,nso
2875,sot
2876,ven
2877,ssw
2878,nso
2879,nbl
2880,sot
2881,ven
2882,ssw
2883,xho
2884,tsn
2885,nbl
2886,xho
2887,sot
2888,eng
2889,afr
2890,ven
2891,nbl
2892,nso
2893,tsn
2894,ssw
2895,eng
2896,nbl
2897,tsn
2898,tso
2899,nbl
2900,tso
2901,eng
2902,sot
2903,afr
2904,xho
2905,sot
2906,nso
2907,eng
2908,tsn
2909,tso
2910,tso
2911,tsn
2912,eng
2913,nbl
2914,nso
2915,nso
2916,ven
2917,sot
2918,tso
2919,afr
2920,eng
2921,ssw
2922,nso
2923,afr
2924,tsn
2925,xho
2926,tsn
2927,xho
2928,nso
2929,afr
2930,eng
2931,ssw
2932,eng
2933,zul
2934,tso
2935,nbl
2936,ssw
2937,ssw
2938,ven
2939,ssw
2940,sot
2941,nso
2942,zul
2943,nbl
2944,nso
2945,sot
2946,nbl
2947,tso
2948,xho
2949,nso
2950,tso
2951,nso
2952,ssw
2953,afr
2954,ssw
2955,nso
2956,tsn
2957,nbl
2958,tsn
2959,nbl
2960,afr
2961,eng
2962,nso
2963,xho
2964,afr
2965,tso
2966,sot
2967,nso
2968,xho
2969,afr
2970,afr
2971,eng
2972,eng
2973,ssw
2974,xho
2975,tsn
2976,ssw
2977,nso
2978,eng
2979,zul
2980,ssw
2981,sot
2982,sot
2983,eng
2984,sot
2985,tso
2986,afr
2987,xho
2988,afr
2989,ssw
2990,nso
2991,sot
2992,tsn
2993,xho
2994,xho
2995,tsn
2996,xho
2997,ven
2998,xho
2999,sot
3000,tsn
3001,nso
3002,afr
3003,nso
3004,nso
3005,nso
3006,afr
3007,sot
3008,sot
3009,tsn
3010,tsn
3011,sot
3012,ssw
3013,nso
3014,tsn
3015,tsn
3016,ven
3017,tsn
3018,nbl
3019,eng
3020,ssw
3021,nbl
3022,sot
3023,eng
3024,nbl
3025,sot
3026,afr
3027,eng
3028,ven
3029,tso
3030,tso
3031,nbl
3032,ven
3033,tso
3034,sot
3035,ven
3036,nbl
3037,xho
3038,nso
3039,ssw
3040,nso
3041,ssw
3042,nbl
3043,nbl
3044,ven
3045,nbl
3046,afr
3047,nbl
3048,eng
3049,ssw
3050,sot
3051,nso
3052,tso
3053,eng
3054,ssw
3055,eng
3056,sot
3057,afr
3058,tsn
3059,afr
3060,nbl
3061,tso
3062,ssw
3063,nbl
3064,tsn
3065,xho
3066,ven
3067,ssw
3068,eng
3069,eng
3070,nbl
3071,ssw
3072,xho
3073,sot
3074,zul
3075,eng
3076,tsn
3077,nbl
3078,nso
3079,eng
3080,sot
3081,eng
3082,nso
3083,ssw
3084,tso
3085,sot
3086,nso
3087,sot
3088,sot
3089,ssw
3090,eng
3091,nbl
3092,nbl
3093,sot
3094,nbl
3095,nso
3096,nso
3097,afr
3098,zul
3099,ssw
3100,tsn
3101,tso
3102,xho
3103,nso
3104,xho
3105,xho
3106,tso
3107,tso
3108,sot
3109,tso
3110,eng
3111,nbl
3112,nbl
3113,zul
3114,tsn
3115,nbl
3116,nso
3117,afr
3118,afr
3119,afr
3120,ssw
3121,tso
3122,ven
3123,zul
3124,eng
3125,ven
3126,eng
3127,afr
3128,ssw
3129,nso
3130,tso
3131,afr
3132,afr
3133,tso
3134,xho
3135,afr
3136,eng
3137,nbl
3138,ssw
3139,afr
3140,tsn
3141,nso
3142,nso
3143,afr
3144,xho
3145,ven
3146,tsn
3147,afr
3148,sot
3149,eng
3150,ssw
3151,nso
3152,ven
3153,nbl
3154,ven
3155,nbl
3156,nso
3157,ven
3158,xho
3159,nso
3160,nbl
3161,nbl
3162,nbl
3163,tso
3164,tsn
3165,afr
3166,nso
3167,afr
3168,nbl
3169,tso
3170,xho
3171,afr
3172,tsn
3173,sot
3174,xho
3175,sot
3176,nbl
3177,tso
3178,afr
3179,xho
3180,nso
3181,eng
3182,ssw
3183,sot
3184,nbl
3185,ssw
3186,sot
3187,afr
3188,sot
3189,ven
3190,zul
3191,eng
3192,xho
3193,nbl
3194,sot
3195,ssw
3196,afr
3197,xho
3198,sot
3199,eng
3200,afr
3201,ssw
3202,ssw
3203,ssw
3204,tsn
3205,sot
3206,sot
3207,nso
3208,eng
3209,xho
3210,ssw
3211,ssw
3212,ssw
3213,afr
3214,sot
3215,nbl
3216,eng
3217,nso
3218,zul
3219,ssw
3220,nbl
3221,zul
3222,xho
3223,sot
3224,tso
3225,ven
3226,nso
3227,ssw
3228,tsn
3229,sot
3230,tsn
3231,nso
3232,nso
3233,xho
3234,ssw
3235,eng
3236,ssw
3237,tso
3238,eng
3239,eng
3240,nso
3241,tso
3242,nso
3243,nso
3244,afr
3245,nso
3246,ssw
3247,nbl
3248,afr
3249,tsn
3250,eng
3251,afr
3252,tsn
3253,nbl
3254,nso
3255,xho
3256,ssw
3257,ssw
3258,tso
3259,afr
3260,afr
3261,ven
3262,nbl
3263,afr
3264,afr
3265,ssw
3266,ssw
3267,nso
3268,ssw
3269,xho
3270,eng
3271,xho
3272,xho
3273,eng
3274,nso
3275,nbl
3276,tsn
3277,tso
3278,ssw
3279,tso
3280,ssw
3281,afr
3282,nbl
3283,nbl
3284,tsn
3285,nbl
3286,eng
3287,ven
3288,zul
3289,tsn
3290,nbl
3291,nbl
3292,xho
3293,ssw
3294,zul
3295,ssw
3296,nbl
3297,zul
3298,nbl
3299,sot
3300,xho
3301,eng
3302,eng
3303,sot
3304,nso
3305,tso
3306,tsn
3307,eng
3308,ssw
3309,nso
3310,tso
3311,sot
3312,afr
3313,sot
3314,sot
3315,afr
3316,sot
3317,ssw
3318,nbl
3319,tsn
3320,xho
3321,xho
3322,eng
3323,ssw
3324,nso
3325,tsn
3326,tsn
3327,eng
3328,ven
3329,eng
3330,nbl
3331,afr
3332,sot
3333,nbl
3334,afr
3335,ssw
3336,nso
3337,ven
3338,zul
3339,afr
3340,ssw
3341,nbl
3342,tso
3343,tso
3344,nbl
3345,ssw
3346,eng
3347,sot
3348,eng
3349,nso
3350,nbl
3351,sot
3352,ssw
3353,afr
3354,ven
3355,afr
3356,xho
3357,nbl
3358,nso
3359,eng
3360,eng
3361,afr
3362,xho
3363,sot
3364,nbl
3365,ven
3366,nso
3367,tsn
3368,tso
3369,afr
3370,xho
3371,nbl
3372,eng
3373,ven
3374,xho
3375,ssw
3376,tso
3377,nbl
3378,tsn
3379,sot
3380,ssw
3381,tsn
3382,ssw
3383,sot
3384,afr
3385,eng
3386,tso
3387,afr
3388,nbl
3389,xho
3390,sot
3391,eng
3392,eng
3393,nbl
3394,nso
3395,ssw
3396,ven
3397,afr
3398,nbl
3399,xho
3400,sot
3401,nbl
3402,afr
3403,afr
3404,ssw
3405,tsn
3406,nbl
3407,tsn
3408,eng
3409,xho
3410,ssw
3411,tso
3412,ssw
3413,nso
3414,nso
3415,ven
3416,nbl
3417,nbl
3418,sot
3419,nbl
3420,nso
3421,xho
3422,nbl
3423,sot
3424,eng
3425,sot
3426,sot
3427,ssw
3428,ven
3429,nbl
3430,nso
3431,afr
3432,xho
3433,nbl
3434,nbl
3435,nso
3436,xho
3437,sot
3438,nso
3439,nbl
3440,ven
3441,eng
3442,tsn
3443,nso
3444,sot
3445,nbl
3446,sot
3447,tsn
3448,ssw
3449,afr
3450,nbl
3451,afr
3452,afr
3453,zul
3454,xho
3455,nso
3456,tso
3457,tso
3458,eng
3459,nso
3460,tso
3461,zul
3462,nbl
3463,nso
3464,ssw
3465,tso
3466,eng
3467,nso
3468,ven
3469,nso
3470,eng
3471,sot
3472,nso
3473,afr
3474,afr
3475,eng
3476,afr
3477,nso
3478,eng
3479,afr
3480,sot
3481,ssw
3482,eng
3483,tsn
3484,eng
3485,xho
3486,nbl
3487,eng
3488,nbl
3489,ven
3490,ssw
3491,eng
3492,nso
3493,nso
3494,tsn
3495,nso
3496,nbl
3497,eng
3498,tsn
3499,eng
3500,eng
3501,ssw
3502,xho
3503,nbl
3504,ven
3505,tso
3506,nbl
3507,sot
3508,tso
3509,afr
3510,tso
3511,tsn
3512,nbl
3513,nbl
3514,ven
3515,ssw
3516,ssw
3517,eng
3518,nso
3519,sot
3520,ssw
3521,ven
3522,ssw
3523,ssw
3524,ssw
3525,sot
3526,xho
3527,ssw
3528,ssw
3529,ssw
3530,eng
3531,nbl
3532,nso
3533,tso
3534,eng
3535,nso
3536,afr
3537,afr
3538,eng
3539,sot
3540,ssw
3541,nbl
3542,tso
3543,nso
3544,nso
3545,sot
3546,nbl
3547,tsn
3548,ven
3549,ssw
3550,tso
3551,eng
3552,afr
3553,nso
3554,ssw
3555,zul
3556,ssw
3557,eng
3558,sot
3559,tsn
3560,nbl
3561,sot
3562,eng
3563,ssw
3564,eng
3565,eng
3566,ssw
3567,sot
3568,afr
3569,nso
3570,nso
3571,zul
3572,nbl
3573,ssw
3574,sot
3575,sot
3576,nso
3577,eng
3578,nso
3579,nbl
3580,afr
3581,nbl
3582,afr
3583,ven
3584,eng
3585,nbl
3586,nso
3587,nso
3588,xho
3589,eng
3590,afr
3591,afr
3592,tso
3593,eng
3594,ssw
3595,afr
3596,sot
3597,xho
3598,afr
3599,eng
3600,sot
3601,nso
3602,tsn
3603,tso
3604,afr
3605,nso
3606,tsn
3607,eng
3608,eng
3609,sot
3610,eng
3611,afr
3612,ven
3613,xho
3614,tsn
3615,nso
3616,nbl
3617,afr
3618,xho
3619,afr
3620,tso
3621,sot
3622,tso
3623,nso
3624,nbl
3625,ven
3626,eng
3627,sot
3628,ssw
3629,nso
3630,nso
3631,ven
3632,sot
3633,afr
3634,eng
3635,afr
3636,ssw
3637,nbl
3638,nbl
3639,sot
3640,nbl
3641,nso
3642,sot
3643,afr
3644,afr
3645,afr
3646,nso
3647,sot
3648,ven
3649,ssw
3650,afr
3651,ven
3652,sot
3653,afr
3654,eng
3655,nbl
3656,xho
3657,ssw
3658,nso
3659,nbl
3660,xho
3661,sot
3662,ven
3663,tso
3664,nso
3665,sot
3666,nso
3667,nbl
3668,afr
3669,ssw
3670,nbl
3671,nbl
3672,nso
3673,sot
3674,ssw
3675,zul
3676,sot
3677,afr
3678,afr
3679,tso
3680,afr
3681,sot
3682,zul
3683,tso
3684,nso
3685,nso
3686,ssw
3687,ven
3688,ven
3689,sot
3690,nso
3691,tso
3692,afr
3693,ssw
3694,ssw
3695,ssw
3696,ven
3697,tso
3698,ssw
3699,ven
3700,afr
3701,ven
3702,nbl
3703,xho
3704,eng
3705,ven
3706,eng
3707,ssw
3708,nbl
3709,eng
3710,nso
3711,afr
3712,tso
3713,afr
3714,nbl
3715,xho
3716,eng
3717,tsn
3718,nbl
3719,tso
3720,zul
3721,afr
3722,ssw
3723,eng
3724,xho
3725,nbl
3726,eng
3727,sot
3728,tsn
3729,afr
3730,sot
3731,xho
3732,ven
3733,sot
3734,nso
3735,afr
3736,sot
3737,eng
3738,sot
3739,ven
3740,nbl
3741,nso
3742,sot
3743,eng
3744,afr
3745,eng
3746,ssw
3747,eng
3748,xho
3749,eng
3750,sot
3751,xho
3752,eng
3753,ssw
3754,nso
3755,ssw
3756,tso
3757,ven
3758,tsn
3759,eng
3760,zul
3761,tsn
3762,sot
3763,nso
3764,tsn
3765,nbl
3766,sot
3767,nso
3768,ssw
3769,sot
3770,nso
3771,afr
3772,nso
3773,nbl
3774,sot
3775,afr
3776,sot
3777,xho
3778,tsn
3779,afr
3780,sot
3781,xho
3782,tsn
3783,ssw
3784,sot
3785,ven
3786,eng
3787,ssw
3788,xho
3789,nso
3790,ven
3791,afr
3792,nbl
3793,tsn
3794,ssw
3795,tsn
3796,sot
3797,ssw
3798,nso
3799,sot
3800,nso
3801,zul
3802,eng
3803,afr
3804,afr
3805,ssw
3806,eng
3807,sot
3808,eng
3809,nbl
3810,ven
3811,nso
3812,afr
3813,ven
3814,ssw
3815,nbl
3816,sot
3817,eng
3818,nso
3819,nbl
3820,nso
3821,xho
3822,nso
3823,nbl
3824,ssw
3825,ven
3826,afr
3827,eng
3828,eng
3829,ven
3830,afr
3831,afr
3832,afr
3833,eng
3834,xho
3835,ven
3836,zul
3837,eng
3838,xho
3839,afr
3840,zul
3841,nso
3842,eng
3843,eng
3844,sot
3845,ssw
3846,ven
3847,ven
3848,sot
3849,tso
3850,nbl
3851,ssw
3852,nso
3853,sot
3854,nbl
3855,nbl
3856,tsn
3857,eng
3858,tsn
3859,xho
3860,zul
3861,zul
3862,ven
3863,nbl
3864,xho
3865,nbl
3866,eng
3867,nbl
3868,ssw
3869,afr
3870,afr
3871,nbl
3872,tso
3873,zul
3874,nbl
3875,ven
3876,sot
3877,ven
3878,ssw
3879,ssw
3880,xho
3881,nbl
3882,xho
3883,tsn
3884,xho
3885,sot
3886,eng
3887,nbl
3888,eng
3889,ssw
3890,nso
3891,nbl
3892,ven
3893,sot
3894,eng
3895,ven
3896,ven
3897,nbl
3898,nso
3899,sot
3900,ven
3901,afr
3902,ssw
3903,sot
3904,sot
3905,xho
3906,eng
3907,nso
3908,nbl
3909,sot
3910,nbl
3911,xho
3912,afr
3913,sot
3914,ssw
3915,sot
3916,xho
3917,nso
3918,tso
3919,sot
3920,tso
3921,zul
3922,eng
3923,tsn
3924,ven
3925,ssw
3926,ssw
3927,ssw
3928,nbl
3929,afr
3930,xho
3931,tso
3932,nbl
3933,ssw
3934,nbl
3935,nbl
3936,zul
3937,ven
3938,ssw
3939,eng
3940,sot
3941,ssw
3942,ssw
3943,nbl
3944,afr
3945,afr
3946,nso
3947,nbl
3948,nbl
3949,xho
3950,sot
3951,eng
3952,ssw
3953,eng
3954,ven
3955,nbl
3956,eng
3957,afr
3958,zul
3959,eng
3960,ssw
3961,nbl
3962,xho
3963,tsn
3964,xho
3965,afr
3966,nso
3967,tsn
3968,nbl
3969,nbl
3970,tsn
3971,xho
3972,tso
3973,sot
3974,nbl
3975,ven
3976,nbl
3977,sot
3978,eng
3979,ssw
3980,ssw
3981,nso
3982,nbl
3983,tsn
3984,nso
3985,ssw
3986,tsn
3987,zul
3988,nso
3989,nbl
3990,zul
3991,tso
3992,zul
3993,ven
3994,eng
3995,eng
3996,ssw
3997,ven
3998,eng
3999,sot
4000,tso
4001,ven
4002,eng
4003,ssw
4004,nbl
4005,zul
4006,nso
4007,tsn
4008,nso
4009,ven
4010,ssw
4011,ssw
4012,sot
4013,afr
4014,sot
4015,xho
4016,zul
4017,nbl
4018,eng
4019,nbl
4020,nbl
4021,xho
4022,nbl
4023,eng
4024,ven
4025,afr
4026,afr
4027,xho
4028,afr
4029,afr
4030,zul
4031,sot
4032,zul
4033,xho
4034,ssw
4035,nbl
4036,afr
4037,ven
4038,sot
4039,xho
4040,ssw
4041,tso
4042,tsn
4043,ven
4044,tsn
4045,ven
4046,ssw
4047,zul
4048,eng
4049,ssw
4050,tso
4051,ssw
4052,nbl
4053,ssw
4054,ssw
4055,tsn
4056,tsn
4057,afr
4058,ven
4059,tsn
4060,tsn
4061,ven
4062,ven
4063,xho
4064,sot
4065,nso
4066,zul
4067,ssw
4068,afr
4069,sot
4070,tsn
4071,nbl
4072,tso
4073,tsn
4074,nbl
4075,sot
4076,eng
4077,tso
4078,ven
4079,eng
4080,tso
4081,nbl
4082,eng
4083,eng
4084,nso
4085,ven
4086,tsn
4087,tso
4088,nbl
4089,ssw
4090,tso
4091,eng
4092,afr
4093,nso
4094,ssw
4095,eng
4096,nbl
4097,nbl
4098,afr
4099,tsn
4100,sot
4101,afr
4102,ven
4103,tso
4104,afr
4105,sot
4106,afr
4107,zul
4108,ven
4109,nso
4110,nso
4111,nbl
4112,nso
4113,nso
4114,xho
4115,tso
4116,afr
4117,ven
4118,xho
4119,ven
4120,nbl
4121,afr
4122,tsn
4123,nbl
4124,tso
4125,eng
4126,ssw
4127,afr
4128,tsn
4129,nso
4130,nso
4131,nbl
4132,tso
4133,tsn
4134,tsn
4135,afr
4136,eng
4137,afr
4138,nbl
4139,ssw
4140,nbl
4141,ssw
4142,tso
4143,nso
4144,sot
4145,ven
4146,afr
4147,afr
4148,xho
4149,sot
4150,tsn
4151,sot
4152,nbl
4153,sot
4154,tsn
4155,tso
4156,tsn
4157,afr
4158,nso
4159,xho
4160,nbl
4161,nbl
4162,ssw
4163,sot
4164,nbl
4165,ssw
4166,tso
4167,afr
4168,nbl
4169,afr
4170,tso
4171,ssw
4172,eng
4173,afr
4174,sot
4175,nso
4176,eng
4177,sot
4178,tso
4179,afr
4180,xho
4181,nbl
4182,eng
4183,ssw
4184,sot
4185,xho
4186,sot
4187,ssw
4188,ssw
4189,nso
4190,nso
4191,tsn
4192,zul
4193,nso
4194,nso
4195,tsn
4196,tso
4197,nso
4198,tsn
4199,xho
4200,sot
4201,nbl
4202,ssw
4203,tsn
4204,nso
4205,nbl
4206,eng
4207,eng
4208,afr
4209,ven
4210,xho
4211,eng
4212,xho
4213,nbl
4214,tsn
4215,ssw
4216,sot
4217,xho
4218,ven
4219,nbl
4220,nbl
4221,afr
4222,ssw
4223,afr
4224,ven
4225,tso
4226,eng
4227,afr
4228,tso
4229,ven
4230,nbl
4231,nbl
4232,tso
4233,ven
4234,sot
4235,eng
4236,ven
4237,sot
4238,nbl
4239,tsn
4240,ven
4241,ssw
4242,nbl
4243,nbl
4244,nso
4245,nso
4246,ssw
4247,afr
4248,tso
4249,nso
4250,ven
4251,afr
4252,nso
4253,tsn
4254,afr
4255,ven
4256,afr
4257,nso
4258,sot
4259,sot
4260,ven
4261,ssw
4262,tsn
4263,ssw
4264,eng
4265,nbl
4266,nso
4267,afr
4268,ven
4269,nbl
4270,zul
4271,eng
4272,ssw
4273,sot
4274,ssw
4275,eng
4276,tso
4277,afr
4278,tso
4279,nso
4280,ssw
4281,tso
4282,nbl
4283,nbl
4284,afr
4285,tsn
4286,nbl
4287,xho
4288,xho
4289,ssw
4290,nbl
4291,ssw
4292,ven
4293,afr
4294,eng
4295,nbl
4296,zul
4297,nso
4298,ven
4299,ssw
4300,nso
4301,nso
4302,sot
4303,ssw
4304,nso
4305,sot
4306,nbl
4307,ven
4308,tsn
4309,nso
4310,ven
4311,tso
4312,ven
4313,nbl
4314,eng
4315,afr
4316,nbl
4317,nso
4318,xho
4319,sot
4320,eng
4321,ven
4322,eng
4323,ssw
4324,nbl
4325,sot
4326,sot
4327,nbl
4328,nso
4329,tsn
4330,nso
4331,tsn
4332,nso
4333,nso
4334,xho
4335,eng
4336,eng
4337,sot
4338,nso
4339,nbl
4340,ven
4341,ssw
4342,afr
4343,tsn
4344,ven
4345,afr
4346,eng
4347,nbl
4348,ssw
4349,afr
4350,sot
4351,xho
4352,nbl
4353,nso
4354,tso
4355,xho
4356,tsn
4357,nso
4358,ssw
4359,afr
4360,tsn
4361,eng
4362,xho
4363,nso
4364,ssw
4365,xho
4366,afr
4367,xho
4368,ssw
4369,eng
4370,eng
4371,afr
4372,nso
4373,tsn
4374,eng
4375,sot
4376,zul
4377,ven
4378,nso
4379,eng
4380,ven
4381,ssw
4382,nso
4383,afr
4384,eng
4385,nso
4386,tso
4387,ssw
4388,eng
4389,ssw
4390,tsn
4391,eng
4392,ssw
4393,tso
4394,eng
4395,sot
4396,sot
4397,afr
4398,ssw
4399,xho
4400,nso
4401,xho
4402,afr
4403,nso
4404,ven
4405,tsn
4406,sot
4407,nso
4408,afr
4409,eng
4410,afr
4411,eng
4412,xho
4413,nbl
4414,tso
4415,eng
4416,ssw
4417,nbl
4418,sot
4419,sot
4420,nbl
4421,ven
4422,nso
4423,eng
4424,nbl
4425,eng
4426,eng
4427,eng
4428,sot
4429,tsn
4430,sot
4431,eng
4432,xho
4433,sot
4434,xho
4435,eng
4436,nbl
4437,eng
4438,ven
4439,ven
4440,xho
4441,afr
4442,sot
4443,ven
4444,nbl
4445,nso
4446,ssw
4447,nbl
4448,nbl
4449,ven
4450,ven
4451,ven
4452,nbl
4453,xho
4454,nbl
4455,nbl
4456,tsn
4457,zul
4458,eng
4459,eng
4460,xho
4461,eng
4462,nso
4463,afr
4464,sot
4465,tso
4466,ssw
4467,tsn
4468,ven
4469,afr
4470,tso
4471,nso
4472,tso
4473,zul
4474,xho
4475,afr
4476,eng
4477,xho
4478,eng
4479,tsn
4480,nbl
4481,nbl
4482,nso
4483,sot
4484,afr
4485,ven
4486,eng
4487,ssw
4488,zul
4489,ssw
4490,sot
4491,eng
4492,afr
4493,nso
4494,afr
4495,tso
4496,nbl
4497,ssw
4498,nso
4499,nbl
4500,nbl
4501,nbl
4502,zul
4503,nso
4504,nso
4505,sot
4506,afr
4507,zul
4508,nso
4509,tso
4510,eng
4511,afr
4512,sot
4513,eng
4514,ven
4515,tso
4516,eng
4517,tsn
4518,nso
4519,nbl
4520,sot
4521,eng
4522,nso
4523,ven
4524,ven
4525,eng
4526,eng
4527,tsn
4528,tsn
4529,nbl
4530,tso
4531,eng
4532,zul
4533,ssw
4534,sot
4535,nso
4536,ssw
4537,sot
4538,ven
4539,eng
4540,ven
4541,ven
4542,nbl
4543,nbl
4544,xho
4545,tso
4546,sot
4547,ssw
4548,nbl
4549,ssw
4550,ven
4551,ssw
4552,ven
4553,sot
4554,afr
4555,tso
4556,xho
4557,nso
4558,nso
4559,ven
4560,nso
4561,tsn
4562,ssw
4563,eng
4564,tsn
4565,tso
4566,sot
4567,ven
4568,ven
4569,eng
4570,sot
4571,zul
4572,nbl
4573,tsn
4574,nbl
4575,nbl
4576,afr
4577,nso
4578,nso
4579,eng
4580,zul
4581,ssw
4582,ssw
4583,sot
4584,afr
4585,zul
4586,ven
4587,zul
4588,ssw
4589,nso
4590,tso
4591,sot
4592,nbl
4593,ssw
4594,ven
4595,ssw
4596,afr
4597,tso
4598,nso
4599,sot
4600,eng
4601,afr
4602,ven
4603,xho
4604,ssw
4605,ssw
4606,tso
4607,nbl
4608,sot
4609,xho
4610,tsn
4611,tsn
4612,afr
4613,nbl
4614,afr
4615,eng
4616,zul
4617,eng
4618,eng
4619,tso
4620,eng
4621,ssw
4622,nbl
4623,sot
4624,nbl
4625,sot
4626,eng
4627,nso
4628,zul
4629,ssw
4630,sot
4631,eng
4632,ven
4633,nbl
4634,ven
4635,eng
4636,ssw
4637,nbl
4638,ven
4639,nso
4640,ssw
4641,sot
4642,sot
4643,ssw
4644,tso
4645,eng
4646,tsn
4647,sot
4648,sot
4649,ven
4650,ssw
4651,xho
4652,xho
4653,eng
4654,tso
4655,sot
4656,ssw
4657,afr
4658,nbl
4659,afr
4660,zul
4661,afr
4662,nbl
4663,ssw
4664,sot
4665,nso
4666,eng
4667,sot
4668,tsn
4669,sot
4670,nbl
4671,nso
4672,eng
4673,afr
4674,nbl
4675,xho
4676,ssw
4677,xho
4678,ssw
4679,afr
4680,ssw
4681,nso
4682,afr
4683,nbl
4684,sot
4685,zul
4686,eng
4687,nbl
4688,afr
4689,nbl
4690,nbl
4691,eng
4692,xho
4693,ven
4694,tso
4695,nbl
4696,tsn
4697,sot
4698,ssw
4699,nbl
4700,tso
4701,nbl
4702,ssw
4703,afr
4704,xho
4705,nbl
4706,ssw
4707,afr
4708,xho
4709,zul
4710,sot
4711,nbl
4712,eng
4713,nbl
4714,nbl
4715,tso
4716,tso
4717,sot
4718,eng
4719,eng
4720,xho
4721,tsn
4722,tsn
4723,afr
4724,ssw
4725,xho
4726,nbl
4727,zul
4728,sot
4729,afr
4730,sot
4731,nso
4732,nbl
4733,zul
4734,nso
4735,nbl
4736,ssw
4737,afr
4738,ven
4739,eng
4740,sot
4741,nso
4742,afr
4743,ssw
4744,ssw
4745,nso
4746,tso
4747,zul
4748,ssw
4749,ven
4750,ven
4751,tsn
4752,ssw
4753,nso
4754,eng
4755,ssw
4756,ssw
4757,nso
4758,tso
4759,nbl
4760,xho
4761,xho
4762,nso
4763,afr
4764,tsn
4765,sot
4766,ssw
4767,eng
4768,ssw
4769,sot
4770,ssw
4771,tsn
4772,zul
4773,tsn
4774,tsn
4775,tso
4776,ven
4777,tsn
4778,eng
4779,zul
4780,xho
4781,ven
4782,tso
4783,nso
4784,tsn
4785,ssw
4786,tso
4787,nbl
4788,ssw
4789,tso
4790,eng
4791,ssw
4792,tso
4793,zul
4794,nbl
4795,eng
4796,afr
4797,tso
4798,tso
4799,sot
4800,nbl
4801,nso
4802,afr
4803,afr
4804,ven
4805,nbl
4806,nbl
4807,ven
4808,nso
4809,sot
4810,tso
4811,nbl
4812,xho
4813,tsn
4814,xho
4815,nso
4816,ssw
4817,xho
4818,tso
4819,xho
4820,nbl
4821,nbl
4822,tso
4823,sot
4824,nso
4825,ssw
4826,zul
4827,zul
4828,xho
4829,tsn
4830,nbl
4831,ssw
4832,ssw
4833,ven
4834,tso
4835,sot
4836,nbl
4837,nso
4838,ven
4839,xho
4840,sot
4841,ven
4842,ssw
4843,eng
4844,nbl
4845,ssw
4846,afr
4847,afr
4848,ven
4849,eng
4850,nbl
4851,eng
4852,ssw
4853,afr
4854,ssw
4855,tsn
4856,zul
4857,sot
4858,xho
4859,sot
4860,afr
4861,afr
4862,nso
4863,xho
4864,nso
4865,sot
4866,nbl
4867,sot
4868,ssw
4869,tsn
4870,sot
4871,afr
4872,tsn
4873,afr
4874,afr
4875,sot
4876,nbl
4877,ssw
4878,nso
4879,xho
4880,ssw
4881,nbl
4882,nbl
4883,afr
4884,tsn
4885,tsn
4886,zul
4887,ven
4888,tso
4889,eng
4890,sot
4891,ssw
4892,eng
4893,sot
4894,tso
4895,eng
4896,ssw
4897,xho
4898,xho
4899,nso
4900,xho
4901,eng
4902,afr
4903,eng
4904,afr
4905,eng
4906,nso
4907,xho
4908,nso
4909,tso
4910,ssw
4911,nso
4912,sot
4913,eng
4914,sot
4915,afr
4916,ven
4917,afr
4918,eng
4919,tsn
4920,afr
4921,tso
4922,nbl
4923,tso
4924,sot
4925,nso
4926,sot
4927,nso
4928,ven
4929,afr
4930,xho
4931,xho
4932,afr
4933,afr
4934,afr
4935,afr
4936,zul
4937,ssw
4938,eng
4939,afr
4940,ssw
4941,afr
4942,nbl
4943,xho
4944,tso
4945,xho
4946,nbl
4947,eng
4948,nbl
4949,afr
4950,xho
4951,eng
4952,nso
4953,ssw
4954,afr
4955,sot
4956,ssw
4957,xho
4958,tsn
4959,nbl
4960,nso
4961,tso
4962,nbl
4963,eng
4964,sot
4965,xho
4966,tsn
4967,nbl
4968,nbl
4969,ssw
4970,ven
4971,eng
4972,sot
4973,nbl
4974,ssw
4975,sot
4976,afr
4977,tso
4978,ven
4979,ssw
4980,nbl
4981,tso
4982,nbl
4983,tsn
4984,eng
4985,afr
4986,ven
4987,afr
4988,ssw
4989,nbl
4990,afr
4991,ssw
4992,tsn
4993,tsn
4994,ven
4995,nso
4996,eng
4997,nbl
4998,sot
4999,tsn
5000,nbl
5001,sot
5002,tsn
5003,nso
5004,sot
5005,ven
5006,sot
5007,sot
5008,eng
5009,eng
5010,sot
5011,zul
5012,ssw
5013,afr
5014,eng
5015,nbl
5016,eng
5017,nbl
5018,nbl
5019,zul
5020,sot
5021,zul
5022,xho
5023,nbl
5024,nbl
5025,tsn
5026,nbl
5027,ssw
5028,eng
5029,xho
5030,tsn
5031,eng
5032,ssw
5033,afr
5034,sot
5035,nbl
5036,tsn
5037,nso
5038,afr
5039,eng
5040,sot
5041,nso
5042,tso
5043,sot
5044,eng
5045,ssw
5046,sot
5047,ssw
5048,tso
5049,nso
5050,nbl
5051,ssw
5052,ssw
5053,sot
5054,ven
5055,nso
5056,sot
5057,tsn
5058,nbl
5059,nbl
5060,nso
5061,sot
5062,ssw
5063,tso
5064,afr
5065,nbl
5066,nbl
5067,xho
5068,ssw
5069,ssw
5070,nso
5071,tsn
5072,tsn
5073,nbl
5074,ssw
5075,eng
5076,tso
5077,eng
5078,nso
5079,tsn
5080,tsn
5081,ssw
5082,afr
5083,nso
5084,ven
5085,xho
5086,afr
5087,afr
5088,xho
5089,sot
5090,nbl
5091,nso
5092,zul
5093,ssw
5094,ssw
5095,tsn
5096,nso
5097,eng
5098,ven
5099,xho
5100,nso
5101,nbl
5102,nso
5103,sot
5104,nbl
5105,xho
5106,zul
5107,sot
5108,afr
5109,ssw
5110,nbl
5111,nbl
5112,nso
5113,sot
5114,tsn
5115,afr
5116,eng
5117,nso
5118,sot
5119,xho
5120,xho
5121,xho
5122,ssw
5123,afr
5124,afr
5125,tsn
5126,nbl
5127,xho
5128,eng
5129,ven
5130,tsn
5131,ssw
5132,ssw
5133,afr
5134,nbl
5135,xho
5136,nbl
5137,ssw
5138,ven
5139,ssw
5140,xho
5141,tso
5142,xho
5143,zul
5144,nso
5145,ssw
5146,nbl
5147,eng
5148,afr
5149,tso
5150,eng
5151,ssw
5152,xho
5153,sot
5154,tso
5155,nso
5156,eng
5157,nso
5158,ssw
5159,ssw
5160,nso
5161,ssw
5162,afr
5163,tsn
5164,nso
5165,ssw
5166,tso
5167,afr
5168,ven
5169,xho
5170,tso
5171,sot
5172,sot
5173,tsn
5174,nso
5175,eng
5176,sot
5177,nso
5178,ssw
5179,xho
5180,ssw
5181,tso
5182,nso
5183,eng
5184,nso
5185,tso
5186,sot
5187,sot
5188,zul
5189,nbl
5190,tsn
5191,ssw
5192,ssw
5193,nbl
5194,tso
5195,xho
5196,xho
5197,eng
5198,ssw
5199,eng
5200,ven
5201,tso
5202,ven
5203,nso
5204,xho
5205,afr
5206,zul
5207,eng
5208,ven
5209,afr
5210,nbl
5211,ssw
5212,tso
5213,ven
5214,eng
5215,afr
5216,eng
5217,eng
5218,eng
5219,nbl
5220,ssw
5221,afr
5222,sot
5223,ven
5224,afr
5225,ssw
5226,tsn
5227,nso
5228,eng
5229,nbl
5230,tsn
5231,ven
5232,zul
5233,tsn
5234,ven
5235,nbl
5236,ven
5237,afr
5238,nbl
5239,nso
5240,ven
5241,nbl
5242,ven
5243,tso
5244,sot
5245,eng
5246,afr
5247,zul
5248,nso
5249,nbl
5250,ssw
5251,sot
5252,nbl
5253,zul
5254,afr
5255,eng
5256,nbl
5257,eng
5258,tsn
5259,nbl
5260,sot
5261,nso
5262,eng
5263,tsn
5264,ven
5265,tso
5266,sot
5267,xho
5268,sot
5269,eng
5270,sot
5271,ssw
5272,tso
5273,zul
5274,ven
5275,afr
5276,tso
5277,tso
5278,tso
5279,eng
5280,nso
5281,afr
5282,tsn
5283,zul
5284,tso
5285,afr
5286,sot
5287,sot
5288,sot
5289,tso
5290,ssw
5291,afr
5292,ven
5293,afr
5294,afr
5295,nbl
5296,tso
5297,afr
5298,tsn
5299,sot
5300,afr
5301,ssw
5302,nbl
5303,nso
5304,eng
5305,xho
5306,afr
5307,nbl
5308,nso
5309,nso
5310,afr
5311,nso
5312,tso
5313,ssw
5314,ssw
5315,afr
5316,eng
5317,nso
5318,afr
5319,sot
5320,xho
5321,tso
5322,sot
5323,ssw
5324,sot
5325,ssw
5326,nso
5327,sot
5328,tso
5329,afr
5330,eng
5331,nbl
5332,nbl
5333,ssw
5334,nbl
5335,ssw
5336,sot
5337,tso
5338,ven
5339,eng
5340,eng
5341,zul
5342,zul
5343,eng
5344,ssw
5345,tsn
5346,ssw
5347,tso
5348,ssw
5349,nbl
5350,ven
5351,ssw
5352,eng
5353,xho
5354,zul
5355,eng
5356,afr
5357,nbl
5358,nbl
5359,tso
5360,eng
5361,afr
5362,tsn
5363,eng
5364,tsn
5365,nso
5366,ssw
5367,nbl
5368,tsn
5369,tsn
5370,ssw
5371,eng
5372,nso
5373,tso
5374,ven
5375,tsn
5376,ssw
5377,ssw
5378,ssw
5379,nso
5380,sot
5381,ssw
5382,eng
5383,xho
5384,sot
5385,nbl
5386,nso
5387,nbl
5388,eng
5389,ssw
5390,ven
5391,tso
5392,eng
5393,sot
5394,afr
5395,sot
5396,nso
5397,afr
5398,xho
5399,afr
5400,ven
5401,sot
5402,tsn
5403,eng
5404,xho
5405,tso
5406,eng
5407,nbl
5408,nbl
5409,eng
5410,nbl
5411,nso
5412,sot
5413,ven
5414,tso
5415,ssw
5416,nso
5417,xho
5418,ssw
5419,eng
5420,zul
5421,eng
5422,ven
5423,sot
5424,afr
5425,xho
5426,zul
5427,tsn
5428,ven
5429,nbl
5430,tsn
5431,ssw
5432,nso
5433,tso
5434,xho
5435,nbl
5436,zul
5437,sot
5438,nbl
5439,nbl
5440,sot
5441,eng
5442,ven
5443,ssw
5444,tsn
5445,xho
5446,nso
5447,ven
5448,ssw
5449,eng
5450,ven
5451,nso
5452,nbl
5453,eng
5454,sot
5455,nbl
5456,tsn
5457,tsn
5458,ssw
5459,sot
5460,eng
5461,nso
5462,ven
5463,ven
5464,eng
5465,xho
5466,ssw
5467,nso
5468,ssw
5469,ven
5470,nso
5471,tso
5472,tsn
5473,eng
5474,xho
5475,ven
5476,nbl
5477,nbl
5478,xho
5479,afr
5480,zul
5481,tso
5482,nbl
5483,nso
5484,afr
5485,sot
5486,afr
5487,eng
5488,ssw
5489,afr
5490,sot
5491,tsn
5492,afr
5493,ven
5494,nso
5495,nso
5496,ven
5497,nbl
5498,ssw
5499,ven
5500,eng
5501,sot
5502,sot
5503,ssw
5504,tso
5505,afr
5506,eng
5507,eng
5508,sot
5509,eng
5510,zul
5511,afr
5512,xho
5513,eng
5514,nso
5515,nbl
5516,tsn
5517,ssw
5518,afr
5519,xho
5520,xho
5521,eng
5522,afr
5523,nbl
5524,nbl
5525,xho
5526,ven
5527,eng
5528,nbl
5529,sot
5530,xho
5531,afr
5532,sot
5533,sot
5534,ven
5535,tso
5536,ssw
5537,afr
5538,ven
5539,xho
5540,ssw
5541,ven
5542,nbl
5543,nbl
5544,sot
5545,eng
5546,afr
5547,nso
5548,nbl
5549,nso
5550,nso
5551,ssw
5552,sot
5553,nso
5554,tsn
5555,sot
5556,eng
5557,ssw
5558,tsn
5559,afr
5560,xho
5561,nso
5562,eng
5563,nbl
5564,zul
5565,eng
5566,sot
5567,sot
5568,sot
5569,ven
5570,ven
5571,nbl
5572,ven
5573,zul
5574,ven
5575,eng
5576,afr
5577,afr
5578,ssw
5579,tsn
5580,nbl
5581,afr
5582,ssw
5583,ven
5584,zul
5585,zul
5586,eng
5587,eng
5588,ssw
5589,tso
5590,xho
5591,sot
5592,tsn
5593,nbl
5594,tsn
5595,afr
5596,xho
5597,nbl
5598,ssw
5599,xho
5600,xho
5601,nso
5602,nbl
5603,nbl
5604,xho
5605,tso
5606,sot
5607,tsn
5608,zul
5609,tsn
5610,nso
5611,nso
5612,tso
5613,ssw
5614,nbl
5615,nbl
5616,xho
5617,afr
5618,tso
5619,ven
5620,afr
5621,ssw
5622,eng
5623,ssw
5624,sot
5625,eng
5626,zul
5627,eng
5628,tso
5629,nbl
5630,xho
5631,ven
5632,ssw
5633,ssw
5634,nbl
5635,ssw
5636,nbl
5637,eng
5638,xho
5639,xho
5640,eng
5641,eng
5642,nso
5643,eng
5644,nbl
5645,ssw
5646,ssw
5647,tso
5648,ssw
5649,zul
5650,tso
5651,ven
5652,xho
5653,nso
5654,eng
5655,zul
5656,ven
5657,sot
5658,eng
5659,nso
5660,nbl
5661,eng
5662,xho
5663,nbl
5664,ven
5665,nbl
5666,tsn
5667,ssw
5668,ven
5669,eng
5670,sot
5671,eng
5672,tsn
5673,nso
5674,nbl
5675,sot
5676,afr
5677,nso
5678,tsn
5679,eng
5680,xho
5681,ssw
5682,nbl
